<annotation>
	<folder>test</folder>
	<filename>l10.jpg</filename>
	<path>C:\Users\Shaqilah\Documents\Y3S1\AAP\e-waste\images\test\l10.jpg</path>
	<source>
		<database>Unknown</database>
	</source>
	<size>
		<width>827</width>
		<height>597</height>
		<depth>3</depth>
	</size>
	<segmented>0</segmented>
	<object>
		<name>laptops</name>
		<pose>Unspecified</pose>
		<truncated>0</truncated>
		<difficult>0</difficult>
		<bndbox>
			<xmin>28</xmin>
			<ymin>14</ymin>
			<xmax>815</xmax>
			<ymax>584</ymax>
		</bndbox>
	</object>
</annotation>
