<annotation>
	<folder>train</folder>
	<filename>l14.jpg</filename>
	<path>C:\Users\Shaqilah\Documents\Y3S1\AAP\e-waste\images\train\l14.jpg</path>
	<source>
		<database>Unknown</database>
	</source>
	<size>
		<width>1277</width>
		<height>841</height>
		<depth>3</depth>
	</size>
	<segmented>0</segmented>
	<object>
		<name>laptops</name>
		<pose>Unspecified</pose>
		<truncated>0</truncated>
		<difficult>0</difficult>
		<bndbox>
			<xmin>81</xmin>
			<ymin>27</ymin>
			<xmax>1253</xmax>
			<ymax>817</ymax>
		</bndbox>
	</object>
</annotation>
