<annotation>
	<folder>train</folder>
	<filename>l19.jpg</filename>
	<path>C:\Users\Shaqilah\Documents\Y3S1\AAP\e-waste\images\train\l19.jpg</path>
	<source>
		<database>Unknown</database>
	</source>
	<size>
		<width>856</width>
		<height>846</height>
		<depth>3</depth>
	</size>
	<segmented>0</segmented>
	<object>
		<name>laptops</name>
		<pose>Unspecified</pose>
		<truncated>0</truncated>
		<difficult>0</difficult>
		<bndbox>
			<xmin>10</xmin>
			<ymin>301</ymin>
			<xmax>402</xmax>
			<ymax>574</ymax>
		</bndbox>
	</object>
	<object>
		<name>laptops</name>
		<pose>Unspecified</pose>
		<truncated>0</truncated>
		<difficult>0</difficult>
		<bndbox>
			<xmin>266</xmin>
			<ymin>13</ymin>
			<xmax>747</xmax>
			<ymax>421</ymax>
		</bndbox>
	</object>
	<object>
		<name>laptops</name>
		<pose>Unspecified</pose>
		<truncated>0</truncated>
		<difficult>0</difficult>
		<bndbox>
			<xmin>162</xmin>
			<ymin>553</ymin>
			<xmax>624</xmax>
			<ymax>834</ymax>
		</bndbox>
	</object>
	<object>
		<name>laptops</name>
		<pose>Unspecified</pose>
		<truncated>1</truncated>
		<difficult>0</difficult>
		<bndbox>
			<xmin>480</xmin>
			<ymin>388</ymin>
			<xmax>856</xmax>
			<ymax>615</ymax>
		</bndbox>
	</object>
</annotation>
