<annotation>
	<folder>test</folder>
	<filename>l2.jpg</filename>
	<path>C:\Users\Shaqilah\Documents\Y3S1\AAP\e-waste\images\test\l2.jpg</path>
	<source>
		<database>Unknown</database>
	</source>
	<size>
		<width>1322</width>
		<height>731</height>
		<depth>3</depth>
	</size>
	<segmented>0</segmented>
	<object>
		<name>laptops</name>
		<pose>Unspecified</pose>
		<truncated>0</truncated>
		<difficult>0</difficult>
		<bndbox>
			<xmin>109</xmin>
			<ymin>182</ymin>
			<xmax>1065</xmax>
			<ymax>721</ymax>
		</bndbox>
	</object>
	<object>
		<name>laptops</name>
		<pose>Unspecified</pose>
		<truncated>0</truncated>
		<difficult>0</difficult>
		<bndbox>
			<xmin>548</xmin>
			<ymin>23</ymin>
			<xmax>1314</xmax>
			<ymax>528</ymax>
		</bndbox>
	</object>
</annotation>
