<annotation>
	<folder>train</folder>
	<filename>l20.jpg</filename>
	<path>C:\Users\Shaqilah\Documents\Y3S1\AAP\e-waste\images\train\l20.jpg</path>
	<source>
		<database>Unknown</database>
	</source>
	<size>
		<width>941</width>
		<height>494</height>
		<depth>3</depth>
	</size>
	<segmented>0</segmented>
	<object>
		<name>laptops</name>
		<pose>Unspecified</pose>
		<truncated>0</truncated>
		<difficult>0</difficult>
		<bndbox>
			<xmin>48</xmin>
			<ymin>64</ymin>
			<xmax>722</xmax>
			<ymax>424</ymax>
		</bndbox>
	</object>
	<object>
		<name>laptops</name>
		<pose>Unspecified</pose>
		<truncated>0</truncated>
		<difficult>0</difficult>
		<bndbox>
			<xmin>458</xmin>
			<ymin>64</ymin>
			<xmax>874</xmax>
			<ymax>319</ymax>
		</bndbox>
	</object>
</annotation>
