<annotation>
	<folder>train</folder>
	<filename>l21.jpg</filename>
	<path>C:\Users\Shaqilah\Documents\Y3S1\AAP\e-waste\images\train\l21.jpg</path>
	<source>
		<database>Unknown</database>
	</source>
	<size>
		<width>2560</width>
		<height>1707</height>
		<depth>3</depth>
	</size>
	<segmented>0</segmented>
	<object>
		<name>laptops</name>
		<pose>Unspecified</pose>
		<truncated>1</truncated>
		<difficult>0</difficult>
		<bndbox>
			<xmin>194</xmin>
			<ymin>25</ymin>
			<xmax>2446</xmax>
			<ymax>1707</ymax>
		</bndbox>
	</object>
</annotation>
