<annotation>
	<folder>train</folder>
	<filename>l22.jpg</filename>
	<path>C:\Users\Shaqilah\Documents\Y3S1\AAP\e-waste\images\train\l22.jpg</path>
	<source>
		<database>Unknown</database>
	</source>
	<size>
		<width>3200</width>
		<height>2614</height>
		<depth>3</depth>
	</size>
	<segmented>0</segmented>
	<object>
		<name>laptops</name>
		<pose>Unspecified</pose>
		<truncated>0</truncated>
		<difficult>0</difficult>
		<bndbox>
			<xmin>164</xmin>
			<ymin>130</ymin>
			<xmax>2029</xmax>
			<ymax>1360</ymax>
		</bndbox>
	</object>
	<object>
		<name>laptops</name>
		<pose>Unspecified</pose>
		<truncated>1</truncated>
		<difficult>0</difficult>
		<bndbox>
			<xmin>476</xmin>
			<ymin>1195</ymin>
			<xmax>3200</xmax>
			<ymax>2413</ymax>
		</bndbox>
	</object>
</annotation>
