<annotation>
	<folder>img</folder>
	<filename>l30.jpg</filename>
	<path>C:\Users\Shaqilah\Downloads\img\l30.jpg</path>
	<source>
		<database>Unknown</database>
	</source>
	<size>
		<width>960</width>
		<height>772</height>
		<depth>3</depth>
	</size>
	<segmented>0</segmented>
	<object>
		<name>laptops</name>
		<pose>Unspecified</pose>
		<truncated>1</truncated>
		<difficult>0</difficult>
		<bndbox>
			<xmin>45</xmin>
			<ymin>1</ymin>
			<xmax>898</xmax>
			<ymax>769</ymax>
		</bndbox>
	</object>
</annotation>
