<annotation>
	<folder>img</folder>
	<filename>l31.jpg</filename>
	<path>C:\Users\Shaqilah\Downloads\img\l31.jpg</path>
	<source>
		<database>Unknown</database>
	</source>
	<size>
		<width>970</width>
		<height>647</height>
		<depth>3</depth>
	</size>
	<segmented>0</segmented>
	<object>
		<name>laptops</name>
		<pose>Unspecified</pose>
		<truncated>0</truncated>
		<difficult>0</difficult>
		<bndbox>
			<xmin>141</xmin>
			<ymin>64</ymin>
			<xmax>833</xmax>
			<ymax>578</ymax>
		</bndbox>
	</object>
</annotation>
