<annotation>
	<folder>img</folder>
	<filename>l32.jpg</filename>
	<path>C:\Users\Shaqilah\Downloads\img\l32.jpg</path>
	<source>
		<database>Unknown</database>
	</source>
	<size>
		<width>1352</width>
		<height>701</height>
		<depth>3</depth>
	</size>
	<segmented>0</segmented>
	<object>
		<name>laptops</name>
		<pose>Unspecified</pose>
		<truncated>1</truncated>
		<difficult>0</difficult>
		<bndbox>
			<xmin>857</xmin>
			<ymin>132</ymin>
			<xmax>1352</xmax>
			<ymax>597</ymax>
		</bndbox>
	</object>
	<object>
		<name>laptops</name>
		<pose>Unspecified</pose>
		<truncated>0</truncated>
		<difficult>0</difficult>
		<bndbox>
			<xmin>601</xmin>
			<ymin>111</ymin>
			<xmax>1014</xmax>
			<ymax>581</ymax>
		</bndbox>
	</object>
	<object>
		<name>laptops</name>
		<pose>Unspecified</pose>
		<truncated>0</truncated>
		<difficult>0</difficult>
		<bndbox>
			<xmin>7</xmin>
			<ymin>145</ymin>
			<xmax>401</xmax>
			<ymax>580</ymax>
		</bndbox>
	</object>
	<object>
		<name>laptops</name>
		<pose>Unspecified</pose>
		<truncated>0</truncated>
		<difficult>0</difficult>
		<bndbox>
			<xmin>355</xmin>
			<ymin>216</ymin>
			<xmax>901</xmax>
			<ymax>656</ymax>
		</bndbox>
	</object>
</annotation>
