<annotation>
	<folder>img</folder>
	<filename>l33.jpg</filename>
	<path>C:\Users\Shaqilah\Downloads\img\l33.jpg</path>
	<source>
		<database>Unknown</database>
	</source>
	<size>
		<width>1200</width>
		<height>760</height>
		<depth>3</depth>
	</size>
	<segmented>0</segmented>
	<object>
		<name>laptops</name>
		<pose>Unspecified</pose>
		<truncated>0</truncated>
		<difficult>0</difficult>
		<bndbox>
			<xmin>48</xmin>
			<ymin>47</ymin>
			<xmax>1150</xmax>
			<ymax>680</ymax>
		</bndbox>
	</object>
</annotation>
