<annotation>
	<folder>img</folder>
	<filename>l35.jpg</filename>
	<path>C:\Users\Shaqilah\Downloads\img\l35.jpg</path>
	<source>
		<database>Unknown</database>
	</source>
	<size>
		<width>2000</width>
		<height>1300</height>
		<depth>3</depth>
	</size>
	<segmented>0</segmented>
	<object>
		<name>laptops</name>
		<pose>Unspecified</pose>
		<truncated>0</truncated>
		<difficult>0</difficult>
		<bndbox>
			<xmin>1140</xmin>
			<ymin>662</ymin>
			<xmax>1841</xmax>
			<ymax>1188</ymax>
		</bndbox>
	</object>
	<object>
		<name>laptops</name>
		<pose>Unspecified</pose>
		<truncated>0</truncated>
		<difficult>0</difficult>
		<bndbox>
			<xmin>450</xmin>
			<ymin>531</ymin>
			<xmax>1241</xmax>
			<ymax>1197</ymax>
		</bndbox>
	</object>
</annotation>
