<annotation>
	<folder>test</folder>
	<filename>l4.jpg</filename>
	<path>C:\Users\Shaqilah\Documents\Y3S1\AAP\e-waste\images\test\l4.jpg</path>
	<source>
		<database>Unknown</database>
	</source>
	<size>
		<width>1230</width>
		<height>627</height>
		<depth>3</depth>
	</size>
	<segmented>0</segmented>
	<object>
		<name>laptops</name>
		<pose>Unspecified</pose>
		<truncated>0</truncated>
		<difficult>0</difficult>
		<bndbox>
			<xmin>47</xmin>
			<ymin>11</ymin>
			<xmax>778</xmax>
			<ymax>602</ymax>
		</bndbox>
	</object>
	<object>
		<name>laptops</name>
		<pose>Unspecified</pose>
		<truncated>0</truncated>
		<difficult>0</difficult>
		<bndbox>
			<xmin>665</xmin>
			<ymin>111</ymin>
			<xmax>1181</xmax>
			<ymax>624</ymax>
		</bndbox>
	</object>
</annotation>
