<annotation>
	<folder>test</folder>
	<filename>l8.jpg</filename>
	<path>C:\Users\Shaqilah\Documents\Y3S1\AAP\e-waste\images\test\l8.jpg</path>
	<source>
		<database>Unknown</database>
	</source>
	<size>
		<width>5120</width>
		<height>2480</height>
		<depth>3</depth>
	</size>
	<segmented>0</segmented>
	<object>
		<name>laptops</name>
		<pose>Unspecified</pose>
		<truncated>0</truncated>
		<difficult>0</difficult>
		<bndbox>
			<xmin>160</xmin>
			<ymin>70</ymin>
			<xmax>3790</xmax>
			<ymax>2400</ymax>
		</bndbox>
	</object>
	<object>
		<name>laptops</name>
		<pose>Unspecified</pose>
		<truncated>0</truncated>
		<difficult>0</difficult>
		<bndbox>
			<xmin>2830</xmin>
			<ymin>660</ymin>
			<xmax>5040</xmax>
			<ymax>1650</ymax>
		</bndbox>
	</object>
</annotation>
