<annotation>
	<folder>test</folder>
	<filename>l9.jpg</filename>
	<path>C:\Users\Shaqilah\Documents\Y3S1\AAP\e-waste\images\test\l9.jpg</path>
	<source>
		<database>Unknown</database>
	</source>
	<size>
		<width>3319</width>
		<height>2405</height>
		<depth>3</depth>
	</size>
	<segmented>0</segmented>
	<object>
		<name>laptops</name>
		<pose>Unspecified</pose>
		<truncated>0</truncated>
		<difficult>0</difficult>
		<bndbox>
			<xmin>27</xmin>
			<ymin>34</ymin>
			<xmax>3303</xmax>
			<ymax>2271</ymax>
		</bndbox>
	</object>
</annotation>
