<annotation>
	<folder>train</folder>
	<filename>p18.jpg</filename>
	<path>C:\Users\Shaqilah\Documents\Y3S1\AAP\e-waste\images\train\p18.jpg</path>
	<source>
		<database>Unknown</database>
	</source>
	<size>
		<width>940</width>
		<height>528</height>
		<depth>3</depth>
	</size>
	<segmented>0</segmented>
	<object>
		<name>phones</name>
		<pose>Unspecified</pose>
		<truncated>0</truncated>
		<difficult>0</difficult>
		<bndbox>
			<xmin>323</xmin>
			<ymin>71</ymin>
			<xmax>626</xmax>
			<ymax>465</ymax>
		</bndbox>
	</object>
</annotation>
