<annotation>
	<folder>train</folder>
	<filename>p22.jpg</filename>
	<path>C:\Users\Shaqilah\Documents\Y3S1\AAP\e-waste\images\train\p22.jpg</path>
	<source>
		<database>Unknown</database>
	</source>
	<size>
		<width>1920</width>
		<height>1080</height>
		<depth>3</depth>
	</size>
	<segmented>0</segmented>
	<object>
		<name>phones</name>
		<pose>Unspecified</pose>
		<truncated>0</truncated>
		<difficult>0</difficult>
		<bndbox>
			<xmin>277</xmin>
			<ymin>54</ymin>
			<xmax>652</xmax>
			<ymax>936</ymax>
		</bndbox>
	</object>
	<object>
		<name>phones</name>
		<pose>Unspecified</pose>
		<truncated>0</truncated>
		<difficult>0</difficult>
		<bndbox>
			<xmin>717</xmin>
			<ymin>72</ymin>
			<xmax>1170</xmax>
			<ymax>929</ymax>
		</bndbox>
	</object>
	<object>
		<name>phones</name>
		<pose>Unspecified</pose>
		<truncated>0</truncated>
		<difficult>0</difficult>
		<bndbox>
			<xmin>1245</xmin>
			<ymin>79</ymin>
			<xmax>1635</xmax>
			<ymax>947</ymax>
		</bndbox>
	</object>
</annotation>
