<annotation>
	<folder>train</folder>
	<filename>p25.jpg</filename>
	<path>C:\Users\Shaqilah\Documents\Y3S1\AAP\e-waste\images\train\p25.jpg</path>
	<source>
		<database>Unknown</database>
	</source>
	<size>
		<width>4708</width>
		<height>2648</height>
		<depth>3</depth>
	</size>
	<segmented>0</segmented>
	<object>
		<name>phones</name>
		<pose>Unspecified</pose>
		<truncated>0</truncated>
		<difficult>0</difficult>
		<bndbox>
			<xmin>954</xmin>
			<ymin>615</ymin>
			<xmax>3999</xmax>
			<ymax>2478</ymax>
		</bndbox>
	</object>
</annotation>
