<annotation>
	<folder>train</folder>
	<filename>p33.jpg</filename>
	<path>C:\Users\Shaqilah\Documents\Y3S1\AAP\e-waste\images\train\p33.jpg</path>
	<source>
		<database>Unknown</database>
	</source>
	<size>
		<width>1025</width>
		<height>600</height>
		<depth>3</depth>
	</size>
	<segmented>0</segmented>
	<object>
		<name>phones</name>
		<pose>Unspecified</pose>
		<truncated>0</truncated>
		<difficult>0</difficult>
		<bndbox>
			<xmin>86</xmin>
			<ymin>132</ymin>
			<xmax>365</xmax>
			<ymax>445</ymax>
		</bndbox>
	</object>
	<object>
		<name>phones</name>
		<pose>Unspecified</pose>
		<truncated>0</truncated>
		<difficult>0</difficult>
		<bndbox>
			<xmin>323</xmin>
			<ymin>104</ymin>
			<xmax>612</xmax>
			<ymax>434</ymax>
		</bndbox>
	</object>
</annotation>
