<annotation>
	<folder>train</folder>
	<filename>p34.jpg</filename>
	<path>C:\Users\Shaqilah\Documents\Y3S1\AAP\e-waste\images\train\p34.jpg</path>
	<source>
		<database>Unknown</database>
	</source>
	<size>
		<width>732</width>
		<height>549</height>
		<depth>3</depth>
	</size>
	<segmented>0</segmented>
	<object>
		<name>phones</name>
		<pose>Unspecified</pose>
		<truncated>0</truncated>
		<difficult>0</difficult>
		<bndbox>
			<xmin>269</xmin>
			<ymin>108</ymin>
			<xmax>471</xmax>
			<ymax>481</ymax>
		</bndbox>
	</object>
</annotation>
