<annotation>
	<folder>train</folder>
	<filename>p36.jpg</filename>
	<path>C:\Users\Shaqilah\Documents\Y3S1\AAP\e-waste\images\train\p36.jpg</path>
	<source>
		<database>Unknown</database>
	</source>
	<size>
		<width>1262</width>
		<height>1205</height>
		<depth>3</depth>
	</size>
	<segmented>0</segmented>
	<object>
		<name>phones</name>
		<pose>Unspecified</pose>
		<truncated>0</truncated>
		<difficult>0</difficult>
		<bndbox>
			<xmin>251</xmin>
			<ymin>4</ymin>
			<xmax>774</xmax>
			<ymax>946</ymax>
		</bndbox>
	</object>
</annotation>
