<annotation>
	<folder>train</folder>
	<filename>p39.jpg</filename>
	<path>C:\Users\Shaqilah\Documents\Y3S1\AAP\e-waste\images\train\p39.jpg</path>
	<source>
		<database>Unknown</database>
	</source>
	<size>
		<width>1704</width>
		<height>1704</height>
		<depth>3</depth>
	</size>
	<segmented>0</segmented>
	<object>
		<name>phones</name>
		<pose>Unspecified</pose>
		<truncated>1</truncated>
		<difficult>0</difficult>
		<bndbox>
			<xmin>504</xmin>
			<ymin>17</ymin>
			<xmax>1245</xmax>
			<ymax>1704</ymax>
		</bndbox>
	</object>
</annotation>
