<annotation>
	<folder>train</folder>
	<filename>p58.jpg</filename>
	<path>C:\Users\Shaqilah\Documents\Y3S1\AAP\e-waste\images\train\p58.jpg</path>
	<source>
		<database>Unknown</database>
	</source>
	<size>
		<width>3977</width>
		<height>4323</height>
		<depth>3</depth>
	</size>
	<segmented>0</segmented>
	<object>
		<name>phones</name>
		<pose>Unspecified</pose>
		<truncated>0</truncated>
		<difficult>0</difficult>
		<bndbox>
			<xmin>18</xmin>
			<ymin>22</ymin>
			<xmax>380</xmax>
			<ymax>1607</ymax>
		</bndbox>
	</object>
	<object>
		<name>phones</name>
		<pose>Unspecified</pose>
		<truncated>0</truncated>
		<difficult>0</difficult>
		<bndbox>
			<xmin>349</xmin>
			<ymin>476</ymin>
			<xmax>749</xmax>
			<ymax>1868</ymax>
		</bndbox>
	</object>
	<object>
		<name>phones</name>
		<pose>Unspecified</pose>
		<truncated>0</truncated>
		<difficult>0</difficult>
		<bndbox>
			<xmin>680</xmin>
			<ymin>1276</ymin>
			<xmax>1003</xmax>
			<ymax>2068</ymax>
		</bndbox>
	</object>
	<object>
		<name>phones</name>
		<pose>Unspecified</pose>
		<truncated>0</truncated>
		<difficult>0</difficult>
		<bndbox>
			<xmin>965</xmin>
			<ymin>1499</ymin>
			<xmax>1249</xmax>
			<ymax>2191</ymax>
		</bndbox>
	</object>
	<object>
		<name>phones</name>
		<pose>Unspecified</pose>
		<truncated>0</truncated>
		<difficult>0</difficult>
		<bndbox>
			<xmin>1265</xmin>
			<ymin>1645</ymin>
			<xmax>1495</xmax>
			<ymax>2476</ymax>
		</bndbox>
	</object>
	<object>
		<name>phones</name>
		<pose>Unspecified</pose>
		<truncated>0</truncated>
		<difficult>0</difficult>
		<bndbox>
			<xmin>1511</xmin>
			<ymin>1961</ymin>
			<xmax>1788</xmax>
			<ymax>2699</ymax>
		</bndbox>
	</object>
	<object>
		<name>phones</name>
		<pose>Unspecified</pose>
		<truncated>0</truncated>
		<difficult>0</difficult>
		<bndbox>
			<xmin>1772</xmin>
			<ymin>2361</ymin>
			<xmax>2034</xmax>
			<ymax>3045</ymax>
		</bndbox>
	</object>
	<object>
		<name>phones</name>
		<pose>Unspecified</pose>
		<truncated>0</truncated>
		<difficult>0</difficult>
		<bndbox>
			<xmin>2026</xmin>
			<ymin>2545</ymin>
			<xmax>2434</xmax>
			<ymax>3307</ymax>
		</bndbox>
	</object>
	<object>
		<name>phones</name>
		<pose>Unspecified</pose>
		<truncated>0</truncated>
		<difficult>0</difficult>
		<bndbox>
			<xmin>2426</xmin>
			<ymin>2753</ymin>
			<xmax>2826</xmax>
			<ymax>3561</ymax>
		</bndbox>
	</object>
	<object>
		<name>phones</name>
		<pose>Unspecified</pose>
		<truncated>0</truncated>
		<difficult>0</difficult>
		<bndbox>
			<xmin>2849</xmin>
			<ymin>3030</ymin>
			<xmax>3180</xmax>
			<ymax>3784</ymax>
		</bndbox>
	</object>
	<object>
		<name>phones</name>
		<pose>Unspecified</pose>
		<truncated>0</truncated>
		<difficult>0</difficult>
		<bndbox>
			<xmin>3211</xmin>
			<ymin>3222</ymin>
			<xmax>3518</xmax>
			<ymax>3984</ymax>
		</bndbox>
	</object>
	<object>
		<name>phones</name>
		<pose>Unspecified</pose>
		<truncated>1</truncated>
		<difficult>0</difficult>
		<bndbox>
			<xmin>3488</xmin>
			<ymin>3368</ymin>
			<xmax>3977</xmax>
			<ymax>4322</ymax>
		</bndbox>
	</object>
</annotation>
