<annotation>
	<folder>test</folder>
	<filename>p6.jpg</filename>
	<path>C:\Users\Shaqilah\Documents\Y3S1\AAP\e-waste\images\test\p6.jpg</path>
	<source>
		<database>Unknown</database>
	</source>
	<size>
		<width>2000</width>
		<height>1125</height>
		<depth>3</depth>
	</size>
	<segmented>0</segmented>
	<object>
		<name>phones</name>
		<pose>Unspecified</pose>
		<truncated>0</truncated>
		<difficult>0</difficult>
		<bndbox>
			<xmin>681</xmin>
			<ymin>95</ymin>
			<xmax>1315</xmax>
			<ymax>1025</ymax>
		</bndbox>
	</object>
</annotation>
