<annotation>
	<folder>train</folder>
	<filename>p60.jpg</filename>
	<path>C:\Users\Shaqilah\Documents\Y3S1\AAP\e-waste\images\train\p60.jpg</path>
	<source>
		<database>Unknown</database>
	</source>
	<size>
		<width>668</width>
		<height>324</height>
		<depth>3</depth>
	</size>
	<segmented>0</segmented>
	<object>
		<name>phones</name>
		<pose>Unspecified</pose>
		<truncated>0</truncated>
		<difficult>0</difficult>
		<bndbox>
			<xmin>22</xmin>
			<ymin>146</ymin>
			<xmax>379</xmax>
			<ymax>278</ymax>
		</bndbox>
	</object>
</annotation>
