<annotation>
	<folder>train</folder>
	<filename>p65.jpg</filename>
	<path>C:\Users\Shaqilah\Documents\Y3S1\AAP\e-waste\images\train\p65.jpg</path>
	<source>
		<database>Unknown</database>
	</source>
	<size>
		<width>1920</width>
		<height>1080</height>
		<depth>3</depth>
	</size>
	<segmented>0</segmented>
	<object>
		<name>phones</name>
		<pose>Unspecified</pose>
		<truncated>0</truncated>
		<difficult>0</difficult>
		<bndbox>
			<xmin>706</xmin>
			<ymin>69</ymin>
			<xmax>1213</xmax>
			<ymax>1004</ymax>
		</bndbox>
	</object>
	<object>
		<name>phones</name>
		<pose>Unspecified</pose>
		<truncated>0</truncated>
		<difficult>0</difficult>
		<bndbox>
			<xmin>1188</xmin>
			<ymin>119</ymin>
			<xmax>1527</xmax>
			<ymax>961</ymax>
		</bndbox>
	</object>
	<object>
		<name>phones</name>
		<pose>Unspecified</pose>
		<truncated>0</truncated>
		<difficult>0</difficult>
		<bndbox>
			<xmin>388</xmin>
			<ymin>126</ymin>
			<xmax>799</xmax>
			<ymax>969</ymax>
		</bndbox>
	</object>
</annotation>
