<annotation>
	<folder>test</folder>
	<filename>p9.jpg</filename>
	<path>C:\Users\Shaqilah\Documents\Y3S1\AAP\e-waste\images\test\p9.jpg</path>
	<source>
		<database>Unknown</database>
	</source>
	<size>
		<width>976</width>
		<height>549</height>
		<depth>3</depth>
	</size>
	<segmented>0</segmented>
	<object>
		<name>phones</name>
		<pose>Unspecified</pose>
		<truncated>0</truncated>
		<difficult>0</difficult>
		<bndbox>
			<xmin>64</xmin>
			<ymin>167</ymin>
			<xmax>377</xmax>
			<ymax>294</ymax>
		</bndbox>
	</object>
	<object>
		<name>phones</name>
		<pose>Unspecified</pose>
		<truncated>0</truncated>
		<difficult>0</difficult>
		<bndbox>
			<xmin>284</xmin>
			<ymin>283</ymin>
			<xmax>502</xmax>
			<ymax>523</ymax>
		</bndbox>
	</object>
	<object>
		<name>phones</name>
		<pose>Unspecified</pose>
		<truncated>0</truncated>
		<difficult>0</difficult>
		<bndbox>
			<xmin>541</xmin>
			<ymin>299</ymin>
			<xmax>835</xmax>
			<ymax>537</ymax>
		</bndbox>
	</object>
	<object>
		<name>phones</name>
		<pose>Unspecified</pose>
		<truncated>0</truncated>
		<difficult>0</difficult>
		<bndbox>
			<xmin>660</xmin>
			<ymin>182</ymin>
			<xmax>921</xmax>
			<ymax>341</ymax>
		</bndbox>
	</object>
</annotation>
