<annotation>
	<folder>images</folder>
	<filename>pt (4).jpg</filename>
	<path>C:\Users\Shaqilah\Documents\Y3S1\AAP\tf1\images\pt (4).jpg</path>
	<source>
		<database>Unknown</database>
	</source>
	<size>
		<width>4167</width>
		<height>4167</height>
		<depth>3</depth>
	</size>
	<segmented>0</segmented>
	<object>
		<name>printer</name>
		<pose>Unspecified</pose>
		<truncated>0</truncated>
		<difficult>0</difficult>
		<bndbox>
			<xmin>177</xmin>
			<ymin>833</ymin>
			<xmax>3972</xmax>
			<ymax>3414</ymax>
		</bndbox>
	</object>
</annotation>
