<annotation>
	<folder>images</folder>
	<filename>pt (56).jpg</filename>
	<path>C:\Users\Shaqilah\Documents\Y3S1\AAP\tf1\images\pt (56).jpg</path>
	<source>
		<database>Unknown</database>
	</source>
	<size>
		<width>1027</width>
		<height>578</height>
		<depth>3</depth>
	</size>
	<segmented>0</segmented>
	<object>
		<name>printer</name>
		<pose>Unspecified</pose>
		<truncated>0</truncated>
		<difficult>0</difficult>
		<bndbox>
			<xmin>78</xmin>
			<ymin>17</ymin>
			<xmax>935</xmax>
			<ymax>562</ymax>
		</bndbox>
	</object>
</annotation>
