<annotation>
	<folder>images</folder>
	<filename>pt (40).jpg</filename>
	<path>C:\Users\Shaqilah\Documents\Y3S1\AAP\tf1\images\pt (40).jpg</path>
	<source>
		<database>Unknown</database>
	</source>
	<size>
		<width>972</width>
		<height>547</height>
		<depth>3</depth>
	</size>
	<segmented>0</segmented>
	<object>
		<name>printer</name>
		<pose>Unspecified</pose>
		<truncated>0</truncated>
		<difficult>0</difficult>
		<bndbox>
			<xmin>6</xmin>
			<ymin>214</ymin>
			<xmax>775</xmax>
			<ymax>488</ymax>
		</bndbox>
	</object>
</annotation>
