<annotation>
	<folder>images</folder>
	<filename>pt (26).jpg</filename>
	<path>C:\Users\Shaqilah\Documents\Y3S1\AAP\tf1\images\pt (26).jpg</path>
	<source>
		<database>Unknown</database>
	</source>
	<size>
		<width>2880</width>
		<height>1920</height>
		<depth>3</depth>
	</size>
	<segmented>0</segmented>
	<object>
		<name>printer</name>
		<pose>Unspecified</pose>
		<truncated>0</truncated>
		<difficult>0</difficult>
		<bndbox>
			<xmin>97</xmin>
			<ymin>339</ymin>
			<xmax>1289</xmax>
			<ymax>1616</ymax>
		</bndbox>
	</object>
	<object>
		<name>printer</name>
		<pose>Unspecified</pose>
		<truncated>0</truncated>
		<difficult>0</difficult>
		<bndbox>
			<xmin>1487</xmin>
			<ymin>174</ymin>
			<xmax>2761</xmax>
			<ymax>802</ymax>
		</bndbox>
	</object>
	<object>
		<name>printer</name>
		<pose>Unspecified</pose>
		<truncated>0</truncated>
		<difficult>0</difficult>
		<bndbox>
			<xmin>1548</xmin>
			<ymin>1102</ymin>
			<xmax>2773</xmax>
			<ymax>1778</ymax>
		</bndbox>
	</object>
</annotation>
