<annotation>
	<folder>images</folder>
	<filename>pt (70).jpg</filename>
	<path>C:\Users\Shaqilah\Documents\Y3S1\AAP\tf1\images\pt (70).jpg</path>
	<source>
		<database>Unknown</database>
	</source>
	<size>
		<width>1000</width>
		<height>562</height>
		<depth>3</depth>
	</size>
	<segmented>0</segmented>
	<object>
		<name>printer</name>
		<pose>Unspecified</pose>
		<truncated>0</truncated>
		<difficult>0</difficult>
		<bndbox>
			<xmin>5</xmin>
			<ymin>222</ymin>
			<xmax>363</xmax>
			<ymax>335</ymax>
		</bndbox>
	</object>
	<object>
		<name>printer</name>
		<pose>Unspecified</pose>
		<truncated>0</truncated>
		<difficult>0</difficult>
		<bndbox>
			<xmin>112</xmin>
			<ymin>348</ymin>
			<xmax>561</xmax>
			<ymax>550</ymax>
		</bndbox>
	</object>
	<object>
		<name>printer</name>
		<pose>Unspecified</pose>
		<truncated>1</truncated>
		<difficult>0</difficult>
		<bndbox>
			<xmin>497</xmin>
			<ymin>391</ymin>
			<xmax>844</xmax>
			<ymax>562</ymax>
		</bndbox>
	</object>
</annotation>
