<annotation>
	<folder>images</folder>
	<filename>pt (9).jpg</filename>
	<path>C:\Users\Shaqilah\Documents\Y3S1\AAP\tf1\images\pt (9).jpg</path>
	<source>
		<database>Unknown</database>
	</source>
	<size>
		<width>959</width>
		<height>639</height>
		<depth>3</depth>
	</size>
	<segmented>0</segmented>
	<object>
		<name>printer</name>
		<pose>Unspecified</pose>
		<truncated>1</truncated>
		<difficult>0</difficult>
		<bndbox>
			<xmin>3</xmin>
			<ymin>58</ymin>
			<xmax>959</xmax>
			<ymax>608</ymax>
		</bndbox>
	</object>
</annotation>
