<annotation>
	<folder>images</folder>
	<filename>pt (48).jpg</filename>
	<path>C:\Users\Shaqilah\Documents\Y3S1\AAP\tf1\images\pt (48).jpg</path>
	<source>
		<database>Unknown</database>
	</source>
	<size>
		<width>550</width>
		<height>310</height>
		<depth>3</depth>
	</size>
	<segmented>0</segmented>
	<object>
		<name>printer</name>
		<pose>Unspecified</pose>
		<truncated>0</truncated>
		<difficult>0</difficult>
		<bndbox>
			<xmin>75</xmin>
			<ymin>37</ymin>
			<xmax>471</xmax>
			<ymax>289</ymax>
		</bndbox>
	</object>
</annotation>
