<annotation>
	<folder>images</folder>
	<filename>pt (44).jpg</filename>
	<path>C:\Users\Shaqilah\Documents\Y3S1\AAP\tf1\images\pt (44).jpg</path>
	<source>
		<database>Unknown</database>
	</source>
	<size>
		<width>1432</width>
		<height>1011</height>
		<depth>3</depth>
	</size>
	<segmented>0</segmented>
	<object>
		<name>printer</name>
		<pose>Unspecified</pose>
		<truncated>1</truncated>
		<difficult>0</difficult>
		<bndbox>
			<xmin>34</xmin>
			<ymin>6</ymin>
			<xmax>1432</xmax>
			<ymax>727</ymax>
		</bndbox>
	</object>
</annotation>
