<annotation>
	<folder>images</folder>
	<filename>pt (43).jpg</filename>
	<path>C:\Users\Shaqilah\Documents\Y3S1\AAP\tf1\images\pt (43).jpg</path>
	<source>
		<database>Unknown</database>
	</source>
	<size>
		<width>3346</width>
		<height>1827</height>
		<depth>3</depth>
	</size>
	<segmented>0</segmented>
	<object>
		<name>printer</name>
		<pose>Unspecified</pose>
		<truncated>1</truncated>
		<difficult>0</difficult>
		<bndbox>
			<xmin>10</xmin>
			<ymin>18</ymin>
			<xmax>3315</xmax>
			<ymax>1827</ymax>
		</bndbox>
	</object>
</annotation>
