<annotation>
	<folder>images</folder>
	<filename>pt (23).jpg</filename>
	<path>C:\Users\Shaqilah\Documents\Y3S1\AAP\tf1\images\pt (23).jpg</path>
	<source>
		<database>Unknown</database>
	</source>
	<size>
		<width>1136</width>
		<height>852</height>
		<depth>3</depth>
	</size>
	<segmented>0</segmented>
	<object>
		<name>printer</name>
		<pose>Unspecified</pose>
		<truncated>0</truncated>
		<difficult>0</difficult>
		<bndbox>
			<xmin>10</xmin>
			<ymin>226</ymin>
			<xmax>506</xmax>
			<ymax>537</ymax>
		</bndbox>
	</object>
</annotation>
