<annotation>
	<folder>images</folder>
	<filename>pt (69).jpg</filename>
	<path>C:\Users\Shaqilah\Documents\Y3S1\AAP\tf1\images\pt (69).jpg</path>
	<source>
		<database>Unknown</database>
	</source>
	<size>
		<width>1000</width>
		<height>563</height>
		<depth>3</depth>
	</size>
	<segmented>0</segmented>
	<object>
		<name>printer</name>
		<pose>Unspecified</pose>
		<truncated>1</truncated>
		<difficult>0</difficult>
		<bndbox>
			<xmin>599</xmin>
			<ymin>356</ymin>
			<xmax>1000</xmax>
			<ymax>562</ymax>
		</bndbox>
	</object>
	<object>
		<name>printer</name>
		<pose>Unspecified</pose>
		<truncated>0</truncated>
		<difficult>0</difficult>
		<bndbox>
			<xmin>523</xmin>
			<ymin>97</ymin>
			<xmax>869</xmax>
			<ymax>341</ymax>
		</bndbox>
	</object>
	<object>
		<name>printer</name>
		<pose>Unspecified</pose>
		<truncated>0</truncated>
		<difficult>0</difficult>
		<bndbox>
			<xmin>61</xmin>
			<ymin>287</ymin>
			<xmax>379</xmax>
			<ymax>492</ymax>
		</bndbox>
	</object>
</annotation>
