<annotation>
	<folder>images</folder>
	<filename>pt (2).jpg</filename>
	<path>C:\Users\Shaqilah\Documents\Y3S1\AAP\tf1\images\pt (2).jpg</path>
	<source>
		<database>Unknown</database>
	</source>
	<size>
		<width>1000</width>
		<height>562</height>
		<depth>3</depth>
	</size>
	<segmented>0</segmented>
	<object>
		<name>printer</name>
		<pose>Unspecified</pose>
		<truncated>0</truncated>
		<difficult>0</difficult>
		<bndbox>
			<xmin>18</xmin>
			<ymin>344</ymin>
			<xmax>356</xmax>
			<ymax>560</ymax>
		</bndbox>
	</object>
	<object>
		<name>printer</name>
		<pose>Unspecified</pose>
		<truncated>0</truncated>
		<difficult>0</difficult>
		<bndbox>
			<xmin>689</xmin>
			<ymin>302</ymin>
			<xmax>969</xmax>
			<ymax>550</ymax>
		</bndbox>
	</object>
	<object>
		<name>printer</name>
		<pose>Unspecified</pose>
		<truncated>0</truncated>
		<difficult>0</difficult>
		<bndbox>
			<xmin>376</xmin>
			<ymin>228</ymin>
			<xmax>601</xmax>
			<ymax>359</ymax>
		</bndbox>
	</object>
	<object>
		<name>printer</name>
		<pose>Unspecified</pose>
		<truncated>0</truncated>
		<difficult>0</difficult>
		<bndbox>
			<xmin>392</xmin>
			<ymin>365</ymin>
			<xmax>644</xmax>
			<ymax>489</ymax>
		</bndbox>
	</object>
	<object>
		<name>printer</name>
		<pose>Unspecified</pose>
		<truncated>0</truncated>
		<difficult>0</difficult>
		<bndbox>
			<xmin>633</xmin>
			<ymin>154</ymin>
			<xmax>866</xmax>
			<ymax>353</ymax>
		</bndbox>
	</object>
	<object>
		<name>printer</name>
		<pose>Unspecified</pose>
		<truncated>0</truncated>
		<difficult>0</difficult>
		<bndbox>
			<xmin>127</xmin>
			<ymin>229</ymin>
			<xmax>365</xmax>
			<ymax>344</ymax>
		</bndbox>
	</object>
</annotation>
