<annotation>
	<folder>images</folder>
	<filename>pt (61).jpg</filename>
	<path>C:\Users\Shaqilah\Documents\Y3S1\AAP\tf1\images\pt (61).jpg</path>
	<source>
		<database>Unknown</database>
	</source>
	<size>
		<width>846</width>
		<height>600</height>
		<depth>3</depth>
	</size>
	<segmented>0</segmented>
	<object>
		<name>printer</name>
		<pose>Unspecified</pose>
		<truncated>1</truncated>
		<difficult>0</difficult>
		<bndbox>
			<xmin>10</xmin>
			<ymin>39</ymin>
			<xmax>846</xmax>
			<ymax>551</ymax>
		</bndbox>
	</object>
</annotation>
