<annotation>
	<folder>img</folder>
	<filename>t17.jpg</filename>
	<path>C:\Users\Shaqilah\Downloads\img\t17.jpg</path>
	<source>
		<database>Unknown</database>
	</source>
	<size>
		<width>517</width>
		<height>382</height>
		<depth>3</depth>
	</size>
	<segmented>0</segmented>
	<object>
		<name>tv</name>
		<pose>Unspecified</pose>
		<truncated>0</truncated>
		<difficult>0</difficult>
		<bndbox>
			<xmin>19</xmin>
			<ymin>10</ymin>
			<xmax>513</xmax>
			<ymax>376</ymax>
		</bndbox>
	</object>
</annotation>
