<annotation>
	<folder>img</folder>
	<filename>tv1.jpg</filename>
	<path>C:\Users\Shaqilah\Downloads\img\tv1.jpg</path>
	<source>
		<database>Unknown</database>
	</source>
	<size>
		<width>1000</width>
		<height>563</height>
		<depth>3</depth>
	</size>
	<segmented>0</segmented>
	<object>
		<name>tv</name>
		<pose>Unspecified</pose>
		<truncated>0</truncated>
		<difficult>0</difficult>
		<bndbox>
			<xmin>130</xmin>
			<ymin>2</ymin>
			<xmax>871</xmax>
			<ymax>555</ymax>
		</bndbox>
	</object>
</annotation>
