<annotation>
	<folder>img</folder>
	<filename>tv11.jpg</filename>
	<path>C:\Users\Shaqilah\Downloads\img\tv11.jpg</path>
	<source>
		<database>Unknown</database>
	</source>
	<size>
		<width>630</width>
		<height>420</height>
		<depth>3</depth>
	</size>
	<segmented>0</segmented>
	<object>
		<name>tv</name>
		<pose>Unspecified</pose>
		<truncated>0</truncated>
		<difficult>0</difficult>
		<bndbox>
			<xmin>62</xmin>
			<ymin>33</ymin>
			<xmax>565</xmax>
			<ymax>350</ymax>
		</bndbox>
	</object>
</annotation>
