<annotation>
	<folder>img</folder>
	<filename>tv12.jpg</filename>
	<path>C:\Users\Shaqilah\Downloads\img\tv12.jpg</path>
	<source>
		<database>Unknown</database>
	</source>
	<size>
		<width>1000</width>
		<height>899</height>
		<depth>3</depth>
	</size>
	<segmented>0</segmented>
	<object>
		<name>tv</name>
		<pose>Unspecified</pose>
		<truncated>1</truncated>
		<difficult>0</difficult>
		<bndbox>
			<xmin>279</xmin>
			<ymin>125</ymin>
			<xmax>1000</xmax>
			<ymax>668</ymax>
		</bndbox>
	</object>
</annotation>
