<annotation>
	<folder>img</folder>
	<filename>tv15.jpg</filename>
	<path>C:\Users\Shaqilah\Downloads\img\tv15.jpg</path>
	<source>
		<database>Unknown</database>
	</source>
	<size>
		<width>4423</width>
		<height>3317</height>
		<depth>3</depth>
	</size>
	<segmented>0</segmented>
	<object>
		<name>tv</name>
		<pose>Unspecified</pose>
		<truncated>0</truncated>
		<difficult>0</difficult>
		<bndbox>
			<xmin>881</xmin>
			<ymin>1194</ymin>
			<xmax>1774</xmax>
			<ymax>2008</ymax>
		</bndbox>
	</object>
	<object>
		<name>tv</name>
		<pose>Unspecified</pose>
		<truncated>0</truncated>
		<difficult>0</difficult>
		<bndbox>
			<xmin>2838</xmin>
			<ymin>1090</ymin>
			<xmax>3774</xmax>
			<ymax>1911</ymax>
		</bndbox>
	</object>
	<object>
		<name>tv</name>
		<pose>Unspecified</pose>
		<truncated>0</truncated>
		<difficult>0</difficult>
		<bndbox>
			<xmin>1874</xmin>
			<ymin>683</ymin>
			<xmax>2681</xmax>
			<ymax>1251</ymax>
		</bndbox>
	</object>
	<object>
		<name>tv</name>
		<pose>Unspecified</pose>
		<truncated>0</truncated>
		<difficult>0</difficult>
		<bndbox>
			<xmin>3627</xmin>
			<ymin>44</ymin>
			<xmax>4266</xmax>
			<ymax>508</ymax>
		</bndbox>
	</object>
	<object>
		<name>tv</name>
		<pose>Unspecified</pose>
		<truncated>0</truncated>
		<difficult>0</difficult>
		<bndbox>
			<xmin>3827</xmin>
			<ymin>1265</ymin>
			<xmax>4406</xmax>
			<ymax>1754</ymax>
		</bndbox>
	</object>
	<object>
		<name>tv</name>
		<pose>Unspecified</pose>
		<truncated>0</truncated>
		<difficult>0</difficult>
		<bndbox>
			<xmin>2781</xmin>
			<ymin>1933</ymin>
			<xmax>3688</xmax>
			<ymax>2622</ymax>
		</bndbox>
	</object>
	<object>
		<name>tv</name>
		<pose>Unspecified</pose>
		<truncated>0</truncated>
		<difficult>0</difficult>
		<bndbox>
			<xmin>2</xmin>
			<ymin>1669</ymin>
			<xmax>709</xmax>
			<ymax>2379</ymax>
		</bndbox>
	</object>
</annotation>
