<annotation>
	<folder>img</folder>
	<filename>tv16.jpg</filename>
	<path>C:\Users\Shaqilah\Downloads\img\tv16.jpg</path>
	<source>
		<database>Unknown</database>
	</source>
	<size>
		<width>495</width>
		<height>442</height>
		<depth>3</depth>
	</size>
	<segmented>0</segmented>
	<object>
		<name>tv</name>
		<pose>Unspecified</pose>
		<truncated>0</truncated>
		<difficult>0</difficult>
		<bndbox>
			<xmin>10</xmin>
			<ymin>7</ymin>
			<xmax>487</xmax>
			<ymax>439</ymax>
		</bndbox>
	</object>
</annotation>
