<annotation>
	<folder>img</folder>
	<filename>tv17.jpg</filename>
	<path>C:\Users\Shaqilah\Downloads\img\tv17.jpg</path>
	<source>
		<database>Unknown</database>
	</source>
	<size>
		<width>900</width>
		<height>400</height>
		<depth>3</depth>
	</size>
	<segmented>0</segmented>
	<object>
		<name>tv</name>
		<pose>Unspecified</pose>
		<truncated>0</truncated>
		<difficult>0</difficult>
		<bndbox>
			<xmin>278</xmin>
			<ymin>59</ymin>
			<xmax>621</xmax>
			<ymax>267</ymax>
		</bndbox>
	</object>
</annotation>
