<annotation>
	<folder>img</folder>
	<filename>tv18.jpg</filename>
	<path>C:\Users\Shaqilah\Downloads\img\tv18.jpg</path>
	<source>
		<database>Unknown</database>
	</source>
	<size>
		<width>1000</width>
		<height>563</height>
		<depth>3</depth>
	</size>
	<segmented>0</segmented>
	<object>
		<name>tv</name>
		<pose>Unspecified</pose>
		<truncated>0</truncated>
		<difficult>0</difficult>
		<bndbox>
			<xmin>149</xmin>
			<ymin>54</ymin>
			<xmax>871</xmax>
			<ymax>558</ymax>
		</bndbox>
	</object>
</annotation>
