<annotation>
	<folder>img</folder>
	<filename>tv2.jpg</filename>
	<path>C:\Users\Shaqilah\Downloads\img\tv2.jpg</path>
	<source>
		<database>Unknown</database>
	</source>
	<size>
		<width>1200</width>
		<height>675</height>
		<depth>3</depth>
	</size>
	<segmented>0</segmented>
	<object>
		<name>tv</name>
		<pose>Unspecified</pose>
		<truncated>0</truncated>
		<difficult>0</difficult>
		<bndbox>
			<xmin>179</xmin>
			<ymin>65</ymin>
			<xmax>1020</xmax>
			<ymax>593</ymax>
		</bndbox>
	</object>
</annotation>
