<annotation>
	<folder>img</folder>
	<filename>tv6.jpg</filename>
	<path>C:\Users\Shaqilah\Downloads\img\tv6.jpg</path>
	<source>
		<database>Unknown</database>
	</source>
	<size>
		<width>1000</width>
		<height>751</height>
		<depth>3</depth>
	</size>
	<segmented>0</segmented>
	<object>
		<name>tv</name>
		<pose>Unspecified</pose>
		<truncated>0</truncated>
		<difficult>0</difficult>
		<bndbox>
			<xmin>243</xmin>
			<ymin>190</ymin>
			<xmax>789</xmax>
			<ymax>588</ymax>
		</bndbox>
	</object>
</annotation>
