<annotation>
	<folder>img</folder>
	<filename>tv7.jpg</filename>
	<path>C:\Users\Shaqilah\Downloads\img\tv7.jpg</path>
	<source>
		<database>Unknown</database>
	</source>
	<size>
		<width>1080</width>
		<height>1440</height>
		<depth>3</depth>
	</size>
	<segmented>0</segmented>
	<object>
		<name>tv</name>
		<pose>Unspecified</pose>
		<truncated>1</truncated>
		<difficult>0</difficult>
		<bndbox>
			<xmin>16</xmin>
			<ymin>341</ymin>
			<xmax>1080</xmax>
			<ymax>1045</ymax>
		</bndbox>
	</object>
</annotation>
