<annotation>
	<folder>img</folder>
	<filename>tv8.jpg</filename>
	<path>C:\Users\Shaqilah\Downloads\img\tv8.jpg</path>
	<source>
		<database>Unknown</database>
	</source>
	<size>
		<width>1280</width>
		<height>720</height>
		<depth>3</depth>
	</size>
	<segmented>0</segmented>
	<object>
		<name>tv</name>
		<pose>Unspecified</pose>
		<truncated>0</truncated>
		<difficult>0</difficult>
		<bndbox>
			<xmin>371</xmin>
			<ymin>96</ymin>
			<xmax>904</xmax>
			<ymax>412</ymax>
		</bndbox>
	</object>
</annotation>
