<annotation>
	<folder>img</folder>
	<filename>tv9.jpg</filename>
	<path>C:\Users\Shaqilah\Downloads\img\tv9.jpg</path>
	<source>
		<database>Unknown</database>
	</source>
	<size>
		<width>1200</width>
		<height>675</height>
		<depth>3</depth>
	</size>
	<segmented>0</segmented>
	<object>
		<name>tv</name>
		<pose>Unspecified</pose>
		<truncated>0</truncated>
		<difficult>0</difficult>
		<bndbox>
			<xmin>505</xmin>
			<ymin>22</ymin>
			<xmax>960</xmax>
			<ymax>396</ymax>
		</bndbox>
	</object>
</annotation>
